Name,Brand,Discount Price,Discount Percent,Rating,Views,Get it by
Vintage Series Digital Grey Dial Men's Watch-A-158WA-1Q,Casio,"1,695",,4.4 out of 5 stars,"33,968","Tomorrow, 28 August"
Analog Men's Watch (Dial Colored Strap),TIMEWEAR,339,(85% off),3.8 out of 5 stars,"13,229","Tomorrow, 28 August"
"Fire-Boltt Ninja Call Pro Smart Watch Dual Chip Bluetooth Calling, 1.69"" Display, AI Voice Assistance with 100 Sports Modes, with SpO2 & Heart Rate Monitoring (Navy Blue)",Fire-Boltt,"1,299",(93% off),4.2 out of 5 stars,"27,201","Tomorrow, 28 August"
Analog Day Date Functioning Stainless Steel Chain Watch for Men,TIMEWEAR,319,(82% off),3.8 out of 5 stars,"10,465","Tomorrow, 28 August"
"Fire-Boltt Phoenix Pro 1.39"" Bluetooth Calling Smartwatch, AI Voice Assistant, Metal Body with 120+ Sports Modes, SpO2, Heart Rate Monitoring (Silver Grey)",Fire-Boltt,"1,599",(87% off),4.2 out of 5 stars,"81,282","Tomorrow, 28 August"
Mesh Steel Chain Analog Wrist Watch for Men (LD-G042),LOUIS DEVIN,324,(84% off),3.9 out of 5 stars,362,"Tuesday, 29 August"
Analog OffWhite Dial Men's Watch NM1712YM02 / NL1712YM02,Titan,"1,596",(47% off),4.2 out of 5 stars,"2,076","Tomorrow, 28 August"
Analog Men's Watch (Dial Colored Strap),TIMEX,955,(40% off),4.1 out of 5 stars,"14,361","Tuesday, 29 August"
Men's Digital Sports Watch 50m Waterproof LED Military Multifunction Smart Watch Stopwatch Countdown Auto Date Alarm,SKMEI,639,(58% off),4.2 out of 5 stars,"2,499","Tomorrow, 28 August"
Analog Blue Dial Men's Watch - FS5237,Fossil,"7,497",(40% off),4.3 out of 5 stars,"1,535","Tomorrow, 28 August"
"Fire-Boltt Phoenix Ultra Luxury Stainless Steel, Bluetooth Calling Smartwatch, AI Voice Assistant, Metal Body with 120+ Sports Modes, SpO2, Heart Rate Monitoring (Dark Grey)",Fire-Boltt,"2,199",(82% off),4.2 out of 5 stars,"81,282","Tomorrow, 28 August"
Analog New Track Number Dial Day Date Functioning Leather Strap Watch for Men,TIMEWEAR,329,(78% off),3.6 out of 5 stars,443,"Tomorrow, 28 August"
WT030 Leather Strap Analog Wrist Watch for Men,LOUIS DEVIN,294,(88% off),3.7 out of 5 stars,"2,254","Tomorrow, 28 August"
Day & Date Analog Men's Watch,Matrix,299,(88% off),3.6 out of 5 stars,"3,316","Tomorrow, 28 August"
Stainless Steel Watch Series Analogue Men's Watch (Black Dial Mens Long Colored Strap) -W219,Shocknshop,285,(71% off),3.8 out of 5 stars,"1,332","Tomorrow, 28 August"
"Fire-Boltt Phoenix Smart Watch with Bluetooth Calling 1.3"",120+ Sports Modes, 240 * 240 PX High Res with SpO2, Heart Rate Monitoring & IP67 Rating (Silver Grey)",Fire-Boltt,"1,299",(87% off),4.2 out of 5 stars,"81,282","Tomorrow, 28 August"
Analog Unisex-Adult Watch,Fastrack,765,(10% off),4.2 out of 5 stars,"10,201","Tomorrow, 28 August"
"Fire-Boltt Phoenix Smart Watch with Bluetooth Calling 1.3"",120+ Sports Modes, 240 * 240 PX High Res with SpO2, Heart Rate Monitoring & IP67 Rating (Black)",Fire-Boltt,"1,311",(40% off),4.2 out of 5 stars,"81,282","Tomorrow, 28 August"
Premium Brand Arrow Blk Arrow Boys Mens Black Wrist Watch for Boys Analog Watch for Men Pack of 1,Acnos,265,(82% off),4.2 out of 5 stars,398,"Tomorrow, 28 August"
Silicone Strap Analog Wrist Watch for Men (Black/Blue/Red) | LD-BK054,LOUIS DEVIN,389,(82% off),3.9 out of 5 stars,"1,506","Tomorrow, 28 August"
"Noise Newly Launched Quad Call 1.81"" Display, Bluetooth Calling Smart Watch, AI Voice Assistance, 160+Hrs Battery Life, Metallic Build, in-Built Games, 100 Sports Modes, 100+ Watch Faces (Deep Wine)",Noise,"1,499",(75% off),3.9 out of 5 stars,788,"Tomorrow, 28 August"
"Blue, Black & Silver Dial, Day & Date Functioning, Stainless Steel Strap Analog Watch for Men & Women",Matrix,319,(87% off),3.6 out of 5 stars,"1,114","Tomorrow, 28 August"
Analog Blue Dial Men's Watch-EFV-550D-2AVUDF,Casio,"5,497",(50% off),3.5 out of 5 stars,9,"Tomorrow, 28 August"
Analog Black Dial Men's Watch-AX1343,Armani Exchange,"5,997",(40% off),4.2 out of 5 stars,345,"Tomorrow, 28 August"
Analog Black Dial Men's Watch-TW000U913,TIMEX,"2,579",(37% off),4.3 out of 5 stars,588,"Tomorrow, 28 August"
"Gen 5E Smartwatch with AMOLED Screen, Wellness Features and Smartphone Notifications",Fossil,"11,995",(35% off),4.0 out of 5 stars,"9,937","Tomorrow, 28 August"
Analog Black Dial Men's Watch-AX2600,Armani Exchange,"8,997",(38% off),4.3 out of 5 stars,168,"Tomorrow, 28 August"
Mega Chief Analog Men's Watch - Dz4329 (Black Dial Black Colored Strap),Diesel,"21,495",,4.3 out of 5 stars,329,"Tomorrow, 28 August"
Drexler Analog Gold Dial Men's Watch-AX2602,Armani Exchange,"17,495",,4.6 out of 5 stars,306,"Tomorrow, 28 August"
Renato Analog Blue Dial Men's Watch-AR60056,Emporio Armani,"22,197",(40% off),,,"Tomorrow, 28 August"
Nate Chronograph Black Dial Men's Watch-JR1401,Fossil,"14,995",,4.3 out of 5 stars,"9,416","Tomorrow, 28 August"
Analog Blue Dial Men's Watch-FS5661,Fossil,"4,997",(44% off),4.5 out of 5 stars,990,"Tomorrow, 28 August"
Analog Blue Dial Men's Watch-FS5279,Fossil,"7,497",(40% off),4.7 out of 5 stars,"1,775","Tomorrow, 28 August"
Giovanni Analog Black Dial Men's Watch-AR11349,Emporio Armani,"27,995",,4.7 out of 5 stars,8,"Tomorrow, 28 August"
Hampton Analog White Dial Men's Watch-AX2437,Armani Exchange,"6,996",(30% off),4.1 out of 5 stars,25,"Tomorrow, 28 August"
WT005 Stainless Steel Chain Analog Wrist Watch for Men,LOUIS DEVIN,354,(85% off),3.8 out of 5 stars,"1,033","Tomorrow, 28 August"
"Fire-Boltt Quantum Luxury Stainless Steel Design 1.28"" Bluetooth Calling Smartwatch with High Resolution of 240 * 240 Px & TWS Connection, SpO2 Tracking with 100 Sports Modes (Sapphire Gold)",Fire-Boltt,"2,999",(85% off),4.0 out of 5 stars,"4,765","Tomorrow, 28 August"
Digital Sports Stylish Multifunctional Electronic LED Black Dial Wrist Watch for Men Boys -WCH78,Shocknshop,499,(75% off),4.2 out of 5 stars,84,"Tomorrow, 28 August"
Neo Analog Green Dial Men's Watch-1802NL02/NR1802NL02,Titan,"2,396",(26% off),4.3 out of 5 stars,185,"Tomorrow, 28 August"
Karishma Analog Black Dial Men's Watch NM1639SM02/NN1639SM02,Titan,"1,596",(20% off),4.3 out of 5 stars,"1,519","Tomorrow, 28 August"
"Noise Pulse Go Buzz Smart Watch with Advanced Bluetooth Calling, 1.69"" TFT Display, SpO2, 100 Sports Mode with Auto Detection, Upto 7 Days Battery (2 Days with Heavy Calling) - Mist Grey",Noise,"1,598",(68% off),4.1 out of 5 stars,"23,483","Tomorrow, 28 August"
Fundamentals Analog Blue Dial Men's Watch-NN38051SM03/NR38051SM03,Fastrack,"1,356",(24% off),4.3 out of 5 stars,"1,275","Tomorrow, 28 August"
Analog Silver Dial Men's Watch-3291SM02/NR3291SM02,Fastrack,"1,196",(25% off),4.4 out of 5 stars,24,"Tomorrow, 28 August"
Karishma Analog Silver Dial Men's Watch-NL1774BM01/NP1774BM01,Titan,"2,692",(20% off),4.3 out of 5 stars,519,"Tomorrow, 28 August"
"Fire-Boltt Quantum Luxury Stainless Steel Design 1.28"" Bluetooth Calling Smartwatch with High Resolution of 240 * 240 Px & TWS Connection, SpO2 Tracking with 100 Sports Modes (Blue)",Fire-Boltt,"2,499",(88% off),4.0 out of 5 stars,"4,765","Tomorrow, 28 August"
Two Tone Chrono Look Analog Stainless Steel Watch-SS-GR6612 For Men,SWISSTYLE,366,(88% off),3.4 out of 5 stars,"4,061","Tuesday, 29 August"
Bannon Multifunction Smoke Stainless Steel Analog Men's Watch BQ2491 (Multicolor Dial Grey colored Strap),Fossil,"8,997",(40% off),4.3 out of 5 stars,93,"Tomorrow, 28 August"
Premium Analog Multi-Colour Dial Men's Watch - AN-COMBO-01-02-MINO,Acnos,365,(82% off),3.8 out of 5 stars,157,"Tomorrow, 28 August"
